linguagem,caso,tamanho,n,arestas,rodadas,media_s,desvio_s,min_s,max_s
javascript,melhor,pequeno,300,299,30,0.00013762356666666663,0.00014388579057487757,0.000041667000000000345,0.0008206670000000003
javascript,melhor,medio,1500,1499,30,0.000272468066666667,0.00008688761934223448,0.00020187500000000113,0.0004954580000000029
javascript,melhor,grande,4000,3999,30,0.0007789069333333329,0.00021827951973321156,0.0005569999999999951,0.0014965000000000046
javascript,medio,pequeno,300,1651,30,0.00009277223333333399,0.000025210387925564075,0.0000747920000000022,0.0002075839999999971
javascript,medio,medio,1500,11073,30,0.0008685487000000016,0.00034709983354998085,0.0005829580000000049,0.0024775840000000075
javascript,medio,grande,4000,33318,30,0.0036309861666666584,0.0033760958219217355,0.0023700829999999656,0.021250584000000003
javascript,pior,pequeno,300,44850,30,0.0009877055333333354,0.0002338211658885888,0.0006786250000000109,0.0017432499999999892
javascript,pior,medio,1500,1124250,30,0.030572379166666684,0.00853876931194478,0.016257750000000213,0.05987241600000016
javascript,pior,grande,4000,7998000,30,0.1713479985999996,0.04634041999734057,0.1260840410000019,0.3291412909999999