linguagem,caso,tamanho,n,arestas,rodadas,media_s,desvio_s,min_s,max_s
python,melhor,pequeno,300,149,30,7.999860000000014e-05,6.112611838621507e-06,7.420799999999922e-05,0.00010712499999999958
python,melhor,medio,1500,749,30,0.00044888333333333307,4.7017753557663176e-05,0.0004176659999999971,0.0006699589999999978
python,melhor,grande,4000,1999,30,0.0014601375000000002,0.00018226605321130019,0.0013367919999999894,0.002291208000000003
python,medio,pequeno,300,1706,30,0.00026274996666666534,6.01224710968537e-05,0.00022799999999997822,0.0005627500000000007
python,medio,medio,1500,10933,30,0.0020279458333333417,0.0001568579484572517,0.0018189580000000372,0.0024776670000001833
python,medio,grande,4000,32834,30,0.007786420800000027,0.0006589011562882323,0.007094208000000712,0.010717625000000286
python,pior,pequeno,300,44850,30,0.0038599763666666695,0.0003302927335915211,0.0034364999999993984,0.004869749999999229
python,pior,medio,1500,1124250,30,0.19220600963333373,0.009377785853494762,0.18667979099999954,0.2366245419999995
python,pior,grande,4000,7998000,30,1.3876422222333333,0.028346534938550088,1.347337041000003,1.4432502089999986
