linguagem,caso,tamanho,n,arestas,rodadas,media_s,desvio_s,min_s,max_s
javascript,melhor,pequeno,300,299,30,0.0001239208333333332,0.00012963036355733074,0.00003362500000000068,0.0007366659999999996
javascript,melhor,medio,1500,1499,30,0.00023181663333333286,0.00005235035303209565,0.0001623340000000013,0.000352333999999999
javascript,melhor,grande,4000,3999,30,0.0006839721666666668,0.00018495116292967803,0.0004979589999999944,0.0013077079999999981
javascript,medio,pequeno,300,1651,30,0.00008062493333333337,0.000019121000525569407,0.0000699159999999992,0.00017237499999999529
javascript,medio,medio,1500,11073,30,0.0006849000666666661,0.0002159634946060969,0.0005112079999999963,0.0015610419999999862
javascript,medio,grande,4000,33318,30,0.002423242933333326,0.0004806855047271023,0.0019554169999999827,0.004342415999999986
javascript,pior,pequeno,300,44850,30,0.000993393066666666,0.00041809363234245365,0.0007054170000000112,0.0020832090000000108
javascript,pior,medio,1500,1124250,30,0.025204124933333308,0.005644801404091743,0.01747554100000002,0.044621666999999886
javascript,pior,grande,4000,7998000,30,0.11906495133333346,0.010306915134061373,0.10963866700000108,0.15560583399999997